"OBJECTID","ID_0","ISO","NAME_0","ID_1","NAME_1","ID_2","NAME_2","TYPE_2","ENGTYPE_2","NL_NAME_2","VARNAME_2"
1,158,"NLD","Netherlands",1,"Drenthe",1,"Aa en Hunze","Gemeente","Municipality",NA,NA
2,158,"NLD","Netherlands",1,"Drenthe",2,"Assen","Gemeente","Municipality",NA,NA
3,158,"NLD","Netherlands",1,"Drenthe",3,"Borger-Odoorn","Gemeente","Municipality",NA,NA
4,158,"NLD","Netherlands",1,"Drenthe",4,"Coevorden","Gemeente","Municipality",NA,NA
5,158,"NLD","Netherlands",1,"Drenthe",5,"De Wolden","Gemeente","Municipality",NA,NA
6,158,"NLD","Netherlands",1,"Drenthe",6,"Emmen","Gemeente","Municipality",NA,NA
7,158,"NLD","Netherlands",1,"Drenthe",7,"Hoogeveen","Gemeente","Municipality",NA,NA
8,158,"NLD","Netherlands",1,"Drenthe",8,"Meppel","Gemeente","Municipality",NA,NA
9,158,"NLD","Netherlands",1,"Drenthe",9,"Midden-Drenthe","Gemeente","Municipality",NA,"Middenveld"
10,158,"NLD","Netherlands",1,"Drenthe",10,"Noordenveld","Gemeente","Municipality",NA,NA
11,158,"NLD","Netherlands",1,"Drenthe",11,"Tynaarlo","Gemeente","Municipality",NA,"Zuidlaren"
12,158,"NLD","Netherlands",1,"Drenthe",12,"Westerveld","Gemeente","Municipality",NA,NA
13,158,"NLD","Netherlands",2,"Flevoland",13,"Almere","Gemeente","Municipality",NA,NA
14,158,"NLD","Netherlands",2,"Flevoland",14,"Dronten","Gemeente","Municipality",NA,NA
15,158,"NLD","Netherlands",2,"Flevoland",15,"Lelystad","Gemeente","Municipality",NA,NA
16,158,"NLD","Netherlands",2,"Flevoland",16,"Noordoostpolder","Gemeente","Municipality",NA,NA
17,158,"NLD","Netherlands",2,"Flevoland",17,"Urk","Gemeente","Municipality",NA,NA
18,158,"NLD","Netherlands",2,"Flevoland",18,"Zeewolde","Gemeente","Municipality",NA,NA
19,158,"NLD","Netherlands",3,"Friesland",19,"Achtkarspelen","Gemeente","Municipality",NA,NA
20,158,"NLD","Netherlands",3,"Friesland",20,"Ameland","Gemeente","Municipality",NA,NA
21,158,"NLD","Netherlands",3,"Friesland",21,"Boarnsterhim","Gemeente","Municipality",NA,NA
22,158,"NLD","Netherlands",3,"Friesland",22,"Bolsward","Gemeente","Municipality",NA,NA
23,158,"NLD","Netherlands",3,"Friesland",23,"Dantumadeel","Gemeente","Municipality",NA,NA
24,158,"NLD","Netherlands",3,"Friesland",24,"Dongeradeel","Gemeente","Municipality",NA,NA
25,158,"NLD","Netherlands",3,"Friesland",25,"Ferwerderadiel","Gemeente","Municipality",NA,"Ferwerderadeel"
26,158,"NLD","Netherlands",3,"Friesland",26,"Franekeradeel","Gemeente","Municipality",NA,NA
27,158,"NLD","Netherlands",3,"Friesland",27,"Gaasterlân-Sleat","Gemeente","Municipality",NA,NA
28,158,"NLD","Netherlands",3,"Friesland",28,"Harlingen","Gemeente","Municipality",NA,NA
29,158,"NLD","Netherlands",3,"Friesland",29,"Heerenveen","Gemeente","Municipality",NA,NA
30,158,"NLD","Netherlands",3,"Friesland",30,"Het Bildt","Gemeente","Municipality",NA,NA
31,158,"NLD","Netherlands",3,"Friesland",31,"Kollumerland c.a.","Gemeente","Municipality",NA,"Kollumerland en Nieuwkruisland"
32,158,"NLD","Netherlands",3,"Friesland",32,"Leeuwarden","Gemeente","Municipality",NA,NA
33,158,"NLD","Netherlands",3,"Friesland",33,"Leeuwarderadeel","Gemeente","Municipality",NA,NA
34,158,"NLD","Netherlands",3,"Friesland",34,"Lemsterland","Gemeente","Municipality",NA,NA
35,158,"NLD","Netherlands",3,"Friesland",35,"Littenseradiel","Gemeente","Municipality",NA,NA
36,158,"NLD","Netherlands",3,"Friesland",36,"Menaldumadeel","Gemeente","Municipality",NA,NA
37,158,"NLD","Netherlands",3,"Friesland",37,"Nijefurd","Gemeente","Municipality",NA,NA
38,158,"NLD","Netherlands",3,"Friesland",38,"Ooststellingwerf","Gemeente","Municipality",NA,NA
39,158,"NLD","Netherlands",3,"Friesland",39,"Opsterland","Gemeente","Municipality",NA,NA
40,158,"NLD","Netherlands",3,"Friesland",40,"Schiermonnikoog","Gemeente","Municipality",NA,NA
41,158,"NLD","Netherlands",3,"Friesland",41,"Skarsterlân","Gemeente","Municipality",NA,NA
42,158,"NLD","Netherlands",3,"Friesland",42,"Smallingerland","Gemeente","Municipality",NA,NA
43,158,"NLD","Netherlands",3,"Friesland",43,"Sneek","Gemeente","Municipality",NA,NA
44,158,"NLD","Netherlands",3,"Friesland",44,"Terschelling","Gemeente","Municipality",NA,NA
45,158,"NLD","Netherlands",3,"Friesland",45,"Tytsjerksteradiel","Gemeente","Municipality",NA,NA
46,158,"NLD","Netherlands",3,"Friesland",46,"Vlieland","Gemeente","Municipality",NA,NA
47,158,"NLD","Netherlands",3,"Friesland",47,"Wûnseradiel","Gemeente","Municipality",NA,NA
48,158,"NLD","Netherlands",3,"Friesland",48,"Weststellingwerf","Gemeente","Municipality",NA,NA
49,158,"NLD","Netherlands",3,"Friesland",49,"Wymbritseradiel","Gemeente","Municipality",NA,NA
50,158,"NLD","Netherlands",4,"Gelderland",50,"Aalten","Gemeente","Municipality",NA,NA
51,158,"NLD","Netherlands",4,"Gelderland",51,"Angerlo","Gemeente","Municipality",NA,NA
52,158,"NLD","Netherlands",4,"Gelderland",52,"Apeldoorn","Gemeente","Municipality",NA,NA
53,158,"NLD","Netherlands",4,"Gelderland",53,"Arnhem","Gemeente","Municipality",NA,NA
54,158,"NLD","Netherlands",4,"Gelderland",54,"Barneveld","Gemeente","Municipality",NA,NA
55,158,"NLD","Netherlands",4,"Gelderland",55,"Bergh","Gemeente","Municipality",NA,NA
56,158,"NLD","Netherlands",4,"Gelderland",56,"Beuningen","Gemeente","Municipality",NA,NA
57,158,"NLD","Netherlands",4,"Gelderland",57,"Borculo","Gemeente","Municipality",NA,NA
58,158,"NLD","Netherlands",4,"Gelderland",58,"Brummen","Gemeente","Municipality",NA,NA
59,158,"NLD","Netherlands",4,"Gelderland",59,"Buren","Gemeente","Municipality",NA,NA
60,158,"NLD","Netherlands",4,"Gelderland",60,"Culemborg","Gemeente","Municipality",NA,NA
61,158,"NLD","Netherlands",4,"Gelderland",61,"Didam","Gemeente","Municipality",NA,NA
62,158,"NLD","Netherlands",4,"Gelderland",62,"Dinxperlo","Gemeente","Municipality",NA,NA
63,158,"NLD","Netherlands",4,"Gelderland",63,"Doesburg","Gemeente","Municipality",NA,NA
64,158,"NLD","Netherlands",4,"Gelderland",64,"Doetinchem","Gemeente","Municipality",NA,NA
65,158,"NLD","Netherlands",4,"Gelderland",65,"Druten","Gemeente","Municipality",NA,NA
66,158,"NLD","Netherlands",4,"Gelderland",66,"Duiven","Gemeente","Municipality",NA,NA
67,158,"NLD","Netherlands",4,"Gelderland",67,"Ede","Gemeente","Municipality",NA,NA
68,158,"NLD","Netherlands",4,"Gelderland",68,"Eibergen","Gemeente","Municipality",NA,NA
69,158,"NLD","Netherlands",4,"Gelderland",69,"Elburg","Gemeente","Municipality",NA,NA
70,158,"NLD","Netherlands",4,"Gelderland",70,"Epe","Gemeente","Municipality",NA,NA
71,158,"NLD","Netherlands",4,"Gelderland",71,"Ermelo","Gemeente","Municipality",NA,NA
72,158,"NLD","Netherlands",4,"Gelderland",72,"Geldermalsen","Gemeente","Municipality",NA,NA
73,158,"NLD","Netherlands",4,"Gelderland",73,"Gendringen","Gemeente","Municipality",NA,NA
74,158,"NLD","Netherlands",4,"Gelderland",74,"Gorssel","Gemeente","Municipality",NA,NA
75,158,"NLD","Netherlands",4,"Gelderland",75,"Groenlo","Gemeente","Municipality",NA,NA
76,158,"NLD","Netherlands",4,"Gelderland",76,"Groesbeek","Gemeente","Municipality",NA,NA
77,158,"NLD","Netherlands",4,"Gelderland",77,"Harderwijk","Gemeente","Municipality",NA,NA
78,158,"NLD","Netherlands",4,"Gelderland",78,"Hattem","Gemeente","Municipality",NA,NA
79,158,"NLD","Netherlands",4,"Gelderland",79,"Heerde","Gemeente","Municipality",NA,NA
80,158,"NLD","Netherlands",4,"Gelderland",80,"Hengelo","Gemeente","Municipality",NA,NA
81,158,"NLD","Netherlands",4,"Gelderland",81,"Heumen","Gemeente","Municipality",NA,NA
82,158,"NLD","Netherlands",4,"Gelderland",82,"Hummelo en Keppel","Gemeente","Municipality",NA,NA
83,158,"NLD","Netherlands",4,"Gelderland",83,"Kesteren","Gemeente","Municipality",NA,"Neder-Betuwe"
84,158,"NLD","Netherlands",4,"Gelderland",84,"Lichtenvoorde","Gemeente","Municipality",NA,NA
85,158,"NLD","Netherlands",4,"Gelderland",85,"Lingewaal","Gemeente","Municipality",NA,NA
86,158,"NLD","Netherlands",4,"Gelderland",86,"Lingewaard","Gemeente","Municipality",NA,"Bemmel"
87,158,"NLD","Netherlands",4,"Gelderland",87,"Lochem","Gemeente","Municipality",NA,NA
88,158,"NLD","Netherlands",4,"Gelderland",88,"Maasdriel","Gemeente","Municipality",NA,NA
89,158,"NLD","Netherlands",4,"Gelderland",89,"Millingen aan de Rijn","Gemeente","Municipality",NA,NA
90,158,"NLD","Netherlands",4,"Gelderland",90,"Neede","Gemeente","Municipality",NA,NA
91,158,"NLD","Netherlands",4,"Gelderland",91,"Neerijnen","Gemeente","Municipality",NA,NA
92,158,"NLD","Netherlands",4,"Gelderland",92,"Nijkerk","Gemeente","Municipality",NA,NA
93,158,"NLD","Netherlands",4,"Gelderland",93,"Nijmegen","Gemeente","Municipality",NA,NA
94,158,"NLD","Netherlands",4,"Gelderland",94,"Nunspeet","Gemeente","Municipality",NA,NA
95,158,"NLD","Netherlands",4,"Gelderland",95,"Oldebroek","Gemeente","Municipality",NA,NA
96,158,"NLD","Netherlands",4,"Gelderland",96,"Overbetuwe","Gemeente","Municipality",NA,NA
97,158,"NLD","Netherlands",4,"Gelderland",97,"Putten","Gemeente","Municipality",NA,NA
98,158,"NLD","Netherlands",4,"Gelderland",98,"Renkum","Gemeente","Municipality",NA,NA
99,158,"NLD","Netherlands",4,"Gelderland",99,"Rheden","Gemeente","Municipality",NA,NA
100,158,"NLD","Netherlands",4,"Gelderland",100,"Rijnwaarden","Gemeente","Municipality",NA,NA
101,158,"NLD","Netherlands",4,"Gelderland",101,"Rozendaal","Gemeente","Municipality",NA,NA
102,158,"NLD","Netherlands",4,"Gelderland",102,"Ruurlo","Gemeente","Municipality",NA,NA
103,158,"NLD","Netherlands",4,"Gelderland",103,"Scherpenzeel","Gemeente","Municipality",NA,NA
104,158,"NLD","Netherlands",4,"Gelderland",104,"Steenderen","Gemeente","Municipality",NA,NA
105,158,"NLD","Netherlands",4,"Gelderland",105,"Tiel","Gemeente","Municipality",NA,NA
106,158,"NLD","Netherlands",4,"Gelderland",106,"Ubbergen","Gemeente","Municipality",NA,NA
107,158,"NLD","Netherlands",4,"Gelderland",107,"Voorst","Gemeente","Municipality",NA,NA
108,158,"NLD","Netherlands",4,"Gelderland",108,"Vorden","Gemeente","Municipality",NA,NA
109,158,"NLD","Netherlands",4,"Gelderland",109,"Wageningen","Gemeente","Municipality",NA,NA
110,158,"NLD","Netherlands",4,"Gelderland",110,"Warnsveld","Gemeente","Municipality",NA,NA
111,158,"NLD","Netherlands",4,"Gelderland",111,"Wehl","Gemeente","Municipality",NA,NA
112,158,"NLD","Netherlands",4,"Gelderland",112,"West Maas en Waal","Gemeente","Municipality",NA,NA
113,158,"NLD","Netherlands",4,"Gelderland",113,"Westervoort","Gemeente","Municipality",NA,NA
114,158,"NLD","Netherlands",4,"Gelderland",114,"Wijchen","Gemeente","Municipality",NA,NA
115,158,"NLD","Netherlands",4,"Gelderland",115,"Winterswijk","Gemeente","Municipality",NA,NA
116,158,"NLD","Netherlands",4,"Gelderland",116,"Wisch","Gemeente","Municipality",NA,NA
117,158,"NLD","Netherlands",4,"Gelderland",117,"Zaltbommel","Gemeente","Municipality",NA,NA
118,158,"NLD","Netherlands",4,"Gelderland",118,"Zelhem","Gemeente","Municipality",NA,NA
119,158,"NLD","Netherlands",4,"Gelderland",119,"Zevenaar","Gemeente","Municipality",NA,NA
120,158,"NLD","Netherlands",4,"Gelderland",120,"Zutphen","Gemeente","Municipality",NA,NA
121,158,"NLD","Netherlands",5,"Groningen",121,"Appingedam","Gemeente","Municipality",NA,NA
122,158,"NLD","Netherlands",5,"Groningen",122,"Bedum","Gemeente","Municipality",NA,NA
123,158,"NLD","Netherlands",5,"Groningen",123,"Bellingwedde","Gemeente","Municipality",NA,NA
124,158,"NLD","Netherlands",5,"Groningen",124,"De Marne","Gemeente","Municipality",NA,NA
125,158,"NLD","Netherlands",5,"Groningen",125,"Delfzijl","Gemeente","Municipality",NA,NA
126,158,"NLD","Netherlands",5,"Groningen",126,"Eemsmond","Gemeente","Municipality",NA,NA
127,158,"NLD","Netherlands",5,"Groningen",127,"Groningen","Gemeente","Municipality",NA,NA
128,158,"NLD","Netherlands",5,"Groningen",128,"Grootegast","Gemeente","Municipality",NA,NA
129,158,"NLD","Netherlands",5,"Groningen",129,"Haren","Gemeente","Municipality",NA,NA
130,158,"NLD","Netherlands",5,"Groningen",130,"Hoogezand-Sappemeer","Gemeente","Municipality",NA,NA
131,158,"NLD","Netherlands",5,"Groningen",131,"Leek","Gemeente","Municipality",NA,NA
132,158,"NLD","Netherlands",5,"Groningen",132,"Loppersum","Gemeente","Municipality",NA,NA
133,158,"NLD","Netherlands",5,"Groningen",133,"Marum","Gemeente","Municipality",NA,NA
134,158,"NLD","Netherlands",5,"Groningen",134,"Menterwolde","Gemeente","Municipality",NA,NA
135,158,"NLD","Netherlands",5,"Groningen",135,"Pekela","Gemeente","Municipality",NA,NA
136,158,"NLD","Netherlands",5,"Groningen",136,"Reiderland","Gemeente","Municipality",NA,NA
137,158,"NLD","Netherlands",5,"Groningen",137,"Scheemda","Gemeente","Municipality",NA,NA
138,158,"NLD","Netherlands",5,"Groningen",138,"Slochteren","Gemeente","Municipality",NA,NA
139,158,"NLD","Netherlands",5,"Groningen",139,"Stadskanaal","Gemeente","Municipality",NA,NA
140,158,"NLD","Netherlands",5,"Groningen",140,"Ten Boer","Gemeente","Municipality",NA,NA
141,158,"NLD","Netherlands",5,"Groningen",141,"Veendam","Gemeente","Municipality",NA,NA
142,158,"NLD","Netherlands",5,"Groningen",142,"Vlagtwedde","Gemeente","Municipality",NA,NA
143,158,"NLD","Netherlands",5,"Groningen",143,"Winschoten","Gemeente","Municipality",NA,NA
144,158,"NLD","Netherlands",5,"Groningen",144,"Winsum","Gemeente","Municipality",NA,NA
145,158,"NLD","Netherlands",5,"Groningen",145,"Zuidhorn","Gemeente","Municipality",NA,NA
146,158,"NLD","Netherlands",6,"IJsselmeer",146,NA,"Water body","Water body",NA,NA
147,158,"NLD","Netherlands",7,"Limburg",147,"Ambt Montfort","Gemeente","Municipality",NA,NA
148,158,"NLD","Netherlands",7,"Limburg",148,"Arcen en Velden","Gemeente","Municipality",NA,NA
149,158,"NLD","Netherlands",7,"Limburg",149,"Beek","Gemeente","Municipality",NA,NA
150,158,"NLD","Netherlands",7,"Limburg",150,"Beesel","Gemeente","Municipality",NA,NA
151,158,"NLD","Netherlands",7,"Limburg",151,"Bergen","Gemeente","Municipality",NA,NA
152,158,"NLD","Netherlands",7,"Limburg",152,"Brunssum","Gemeente","Municipality",NA,NA
153,158,"NLD","Netherlands",7,"Limburg",153,"Echt-Susteren","Gemeente","Municipality",NA,NA
154,158,"NLD","Netherlands",7,"Limburg",154,"Eijsden","Gemeente","Municipality",NA,NA
155,158,"NLD","Netherlands",7,"Limburg",155,"Gennep","Gemeente","Municipality",NA,NA
156,158,"NLD","Netherlands",7,"Limburg",156,"Gulpen-Wittem","Gemeente","Municipality",NA,NA
157,158,"NLD","Netherlands",7,"Limburg",157,"Haelen","Gemeente","Municipality",NA,NA
158,158,"NLD","Netherlands",7,"Limburg",158,"Heel","Gemeente","Municipality",NA,NA
159,158,"NLD","Netherlands",7,"Limburg",159,"Heerlen","Gemeente","Municipality",NA,NA
160,158,"NLD","Netherlands",7,"Limburg",160,"Helden","Gemeente","Municipality",NA,NA
161,158,"NLD","Netherlands",7,"Limburg",161,"Heythuysen","Gemeente","Municipality",NA,NA
162,158,"NLD","Netherlands",7,"Limburg",162,"Horst aan de Maas","Gemeente","Municipality",NA,NA
163,158,"NLD","Netherlands",7,"Limburg",163,"Hunsel","Gemeente","Municipality",NA,NA
164,158,"NLD","Netherlands",7,"Limburg",164,"Kerkrade","Gemeente","Municipality",NA,NA
165,158,"NLD","Netherlands",7,"Limburg",165,"Kessel","Gemeente","Municipality",NA,NA
166,158,"NLD","Netherlands",7,"Limburg",166,"Landgraaf","Gemeente","Municipality",NA,NA
167,158,"NLD","Netherlands",7,"Limburg",167,"Maasbracht","Gemeente","Municipality",NA,NA
168,158,"NLD","Netherlands",7,"Limburg",168,"Maasbree","Gemeente","Municipality",NA,NA
169,158,"NLD","Netherlands",7,"Limburg",169,"Maastricht","Gemeente","Municipality",NA,NA
170,158,"NLD","Netherlands",7,"Limburg",170,"Margraten","Gemeente","Municipality",NA,NA
171,158,"NLD","Netherlands",7,"Limburg",171,"Meerlo-Wanssum","Gemeente","Municipality",NA,NA
172,158,"NLD","Netherlands",7,"Limburg",172,"Meerssen","Gemeente","Municipality",NA,NA
173,158,"NLD","Netherlands",7,"Limburg",173,"Meijel","Gemeente","Municipality",NA,NA
174,158,"NLD","Netherlands",7,"Limburg",174,"Mook en Middelaar","Gemeente","Municipality",NA,NA
175,158,"NLD","Netherlands",7,"Limburg",175,"Nederweert","Gemeente","Municipality",NA,NA
176,158,"NLD","Netherlands",7,"Limburg",176,"Nuth","Gemeente","Municipality",NA,NA
177,158,"NLD","Netherlands",7,"Limburg",177,"Onderbanken","Gemeente","Municipality",NA,NA
178,158,"NLD","Netherlands",7,"Limburg",178,"Roerdalen","Gemeente","Municipality",NA,NA
179,158,"NLD","Netherlands",7,"Limburg",179,"Roermond","Gemeente","Municipality",NA,NA
180,158,"NLD","Netherlands",7,"Limburg",180,"Roggel en Neer","Gemeente","Municipality",NA,NA
181,158,"NLD","Netherlands",7,"Limburg",181,"Schinnen","Gemeente","Municipality",NA,NA
182,158,"NLD","Netherlands",7,"Limburg",182,"Sevenum","Gemeente","Municipality",NA,NA
183,158,"NLD","Netherlands",7,"Limburg",183,"Simpelveld","Gemeente","Municipality",NA,NA
184,158,"NLD","Netherlands",7,"Limburg",184,"Sittard-Geleen","Gemeente","Municipality",NA,NA
185,158,"NLD","Netherlands",7,"Limburg",185,"Stein","Gemeente","Municipality",NA,NA
186,158,"NLD","Netherlands",7,"Limburg",186,"Swalmen","Gemeente","Municipality",NA,NA
187,158,"NLD","Netherlands",7,"Limburg",187,"Thorn","Gemeente","Municipality",NA,NA
188,158,"NLD","Netherlands",7,"Limburg",188,"Vaals","Gemeente","Municipality",NA,NA
189,158,"NLD","Netherlands",7,"Limburg",189,"Valkenburg aan de Geul","Gemeente","Municipality",NA,NA
190,158,"NLD","Netherlands",7,"Limburg",190,"Venlo","Gemeente","Municipality",NA,NA
191,158,"NLD","Netherlands",7,"Limburg",191,"Venray","Gemeente","Municipality",NA,NA
192,158,"NLD","Netherlands",7,"Limburg",192,"Voerendaal","Gemeente","Municipality",NA,NA
193,158,"NLD","Netherlands",7,"Limburg",193,"Weert","Gemeente","Municipality",NA,NA
194,158,"NLD","Netherlands",8,"Noord-Brabant",194,"'s-Hertogenbosch","Gemeente","Municipality",NA,NA
195,158,"NLD","Netherlands",8,"Noord-Brabant",195,"Aalburg","Gemeente","Municipality",NA,NA
196,158,"NLD","Netherlands",8,"Noord-Brabant",196,"Alphen-Chaam","Gemeente","Municipality",NA,NA
197,158,"NLD","Netherlands",8,"Noord-Brabant",197,"Asten","Gemeente","Municipality",NA,NA
198,158,"NLD","Netherlands",8,"Noord-Brabant",198,"Baarle-Nassau","Gemeente","Municipality",NA,NA
199,158,"NLD","Netherlands",8,"Noord-Brabant",199,"Bergeijk","Gemeente","Municipality",NA,"Bergeyk"
200,158,"NLD","Netherlands",8,"Noord-Brabant",200,"Bergen op Zoom","Gemeente","Municipality",NA,NA
201,158,"NLD","Netherlands",8,"Noord-Brabant",201,"Bernheze","Gemeente","Municipality",NA,NA
202,158,"NLD","Netherlands",8,"Noord-Brabant",202,"Best","Gemeente","Municipality",NA,NA
203,158,"NLD","Netherlands",8,"Noord-Brabant",203,"Bladel","Gemeente","Municipality",NA,NA
204,158,"NLD","Netherlands",8,"Noord-Brabant",204,"Boekel","Gemeente","Municipality",NA,NA
205,158,"NLD","Netherlands",8,"Noord-Brabant",205,"Boxmeer","Gemeente","Municipality",NA,NA
206,158,"NLD","Netherlands",8,"Noord-Brabant",206,"Boxtel","Gemeente","Municipality",NA,NA
207,158,"NLD","Netherlands",8,"Noord-Brabant",207,"Breda","Gemeente","Municipality",NA,NA
208,158,"NLD","Netherlands",8,"Noord-Brabant",208,"Cranendonck","Gemeente","Municipality",NA,"Budel"
209,158,"NLD","Netherlands",8,"Noord-Brabant",209,"Cuijk","Gemeente","Municipality",NA,NA
210,158,"NLD","Netherlands",8,"Noord-Brabant",210,"Deurne","Gemeente","Municipality",NA,NA
211,158,"NLD","Netherlands",8,"Noord-Brabant",211,"Dongen","Gemeente","Municipality",NA,NA
212,158,"NLD","Netherlands",8,"Noord-Brabant",212,"Drimmelen","Gemeente","Municipality",NA,"Made"
213,158,"NLD","Netherlands",8,"Noord-Brabant",213,"Eersel","Gemeente","Municipality",NA,NA
214,158,"NLD","Netherlands",8,"Noord-Brabant",214,"Eindhoven","Gemeente","Municipality",NA,NA
215,158,"NLD","Netherlands",8,"Noord-Brabant",215,"Etten-Leur","Gemeente","Municipality",NA,NA
216,158,"NLD","Netherlands",8,"Noord-Brabant",216,"Geertruidenberg","Gemeente","Municipality",NA,NA
217,158,"NLD","Netherlands",8,"Noord-Brabant",217,"Geldrop","Gemeente","Municipality",NA,NA
218,158,"NLD","Netherlands",8,"Noord-Brabant",218,"Gemert-Bakel","Gemeente","Municipality",NA,NA
219,158,"NLD","Netherlands",8,"Noord-Brabant",219,"Gilze en Rijen","Gemeente","Municipality",NA,NA
220,158,"NLD","Netherlands",8,"Noord-Brabant",220,"Goirle","Gemeente","Municipality",NA,NA
221,158,"NLD","Netherlands",8,"Noord-Brabant",221,"Grave","Gemeente","Municipality",NA,NA
222,158,"NLD","Netherlands",8,"Noord-Brabant",222,"Haaren","Gemeente","Municipality",NA,NA
223,158,"NLD","Netherlands",8,"Noord-Brabant",223,"Halderberge","Gemeente","Municipality",NA,NA
224,158,"NLD","Netherlands",8,"Noord-Brabant",224,"Heeze-Leende","Gemeente","Municipality",NA,NA
225,158,"NLD","Netherlands",8,"Noord-Brabant",225,"Helmond","Gemeente","Municipality",NA,NA
226,158,"NLD","Netherlands",8,"Noord-Brabant",226,"Heusden","Gemeente","Municipality",NA,NA
227,158,"NLD","Netherlands",8,"Noord-Brabant",227,"Hilvarenbeek","Gemeente","Municipality",NA,NA
228,158,"NLD","Netherlands",8,"Noord-Brabant",228,"Laarbeek","Gemeente","Municipality",NA,NA
229,158,"NLD","Netherlands",8,"Noord-Brabant",229,"Landerd","Gemeente","Municipality",NA,NA
230,158,"NLD","Netherlands",8,"Noord-Brabant",230,"Lith","Gemeente","Municipality",NA,NA
231,158,"NLD","Netherlands",8,"Noord-Brabant",231,"Loon op Zand","Gemeente","Municipality",NA,NA
232,158,"NLD","Netherlands",8,"Noord-Brabant",232,"Maasdonk","Gemeente","Municipality",NA,NA
233,158,"NLD","Netherlands",8,"Noord-Brabant",233,"Mierlo","Gemeente","Municipality",NA,NA
234,158,"NLD","Netherlands",8,"Noord-Brabant",234,"Mill en Sint Hubert","Gemeente","Municipality",NA,NA
235,158,"NLD","Netherlands",8,"Noord-Brabant",235,"Moerdijk","Gemeente","Municipality",NA,"Zevenbergen"
236,158,"NLD","Netherlands",8,"Noord-Brabant",236,"Nuenen c.a.","Gemeente","Municipality",NA,NA
237,158,"NLD","Netherlands",8,"Noord-Brabant",237,"Oirschot","Gemeente","Municipality",NA,NA
238,158,"NLD","Netherlands",8,"Noord-Brabant",238,"Oisterwijk","Gemeente","Municipality",NA,NA
239,158,"NLD","Netherlands",8,"Noord-Brabant",239,"Oosterhout","Gemeente","Municipality",NA,NA
240,158,"NLD","Netherlands",8,"Noord-Brabant",240,"Oss","Gemeente","Municipality",NA,NA
241,158,"NLD","Netherlands",8,"Noord-Brabant",241,"Reusel-De Mierden","Gemeente","Municipality",NA,NA
242,158,"NLD","Netherlands",8,"Noord-Brabant",242,"Roosendaal","Gemeente","Municipality",NA,NA
243,158,"NLD","Netherlands",8,"Noord-Brabant",243,"Rucphen","Gemeente","Municipality",NA,NA
244,158,"NLD","Netherlands",8,"Noord-Brabant",244,"Schijndel","Gemeente","Municipality",NA,NA
245,158,"NLD","Netherlands",8,"Noord-Brabant",245,"Sint-Michielsgestel","Gemeente","Municipality",NA,NA
246,158,"NLD","Netherlands",8,"Noord-Brabant",246,"Sint-Oedenrode","Gemeente","Municipality",NA,NA
247,158,"NLD","Netherlands",8,"Noord-Brabant",247,"Sint Anthonis","Gemeente","Municipality",NA,NA
248,158,"NLD","Netherlands",8,"Noord-Brabant",248,"Someren","Gemeente","Municipality",NA,NA
249,158,"NLD","Netherlands",8,"Noord-Brabant",249,"Son en Breugel","Gemeente","Municipality",NA,NA
250,158,"NLD","Netherlands",8,"Noord-Brabant",250,"Steenbergen","Gemeente","Municipality",NA,NA
251,158,"NLD","Netherlands",8,"Noord-Brabant",251,"Tilburg","Gemeente","Municipality",NA,NA
252,158,"NLD","Netherlands",8,"Noord-Brabant",252,"Uden","Gemeente","Municipality",NA,NA
253,158,"NLD","Netherlands",8,"Noord-Brabant",253,"Valkenswaard","Gemeente","Municipality",NA,NA
254,158,"NLD","Netherlands",8,"Noord-Brabant",254,"Veghel","Gemeente","Municipality",NA,NA
255,158,"NLD","Netherlands",8,"Noord-Brabant",255,"Veldhoven","Gemeente","Municipality",NA,NA
256,158,"NLD","Netherlands",8,"Noord-Brabant",256,"Vught","Gemeente","Municipality",NA,NA
257,158,"NLD","Netherlands",8,"Noord-Brabant",257,"Waalre","Gemeente","Municipality",NA,NA
258,158,"NLD","Netherlands",8,"Noord-Brabant",258,"Waalwijk","Gemeente","Municipality",NA,NA
259,158,"NLD","Netherlands",8,"Noord-Brabant",259,"Werkendam","Gemeente","Municipality",NA,NA
260,158,"NLD","Netherlands",8,"Noord-Brabant",260,"Woensdrecht","Gemeente","Municipality",NA,NA
261,158,"NLD","Netherlands",8,"Noord-Brabant",261,"Woudrichem","Gemeente","Municipality",NA,NA
262,158,"NLD","Netherlands",8,"Noord-Brabant",262,"Zundert","Gemeente","Municipality",NA,NA
263,158,"NLD","Netherlands",9,"Noord-Holland",263,"Aalsmeer","Gemeente","Municipality",NA,NA
264,158,"NLD","Netherlands",9,"Noord-Holland",264,"Alkmaar","Gemeente","Municipality",NA,NA
265,158,"NLD","Netherlands",9,"Noord-Holland",265,"Amstelveen","Gemeente","Municipality",NA,NA
266,158,"NLD","Netherlands",9,"Noord-Holland",266,"Amsterdam","Gemeente","Municipality",NA,NA
267,158,"NLD","Netherlands",9,"Noord-Holland",267,"Andijk","Gemeente","Municipality",NA,NA
268,158,"NLD","Netherlands",9,"Noord-Holland",268,"Anna Paulowna","Gemeente","Municipality",NA,NA
269,158,"NLD","Netherlands",9,"Noord-Holland",269,"Beemster","Gemeente","Municipality",NA,NA
270,158,"NLD","Netherlands",9,"Noord-Holland",270,"Bennebroek","Gemeente","Municipality",NA,NA
271,158,"NLD","Netherlands",9,"Noord-Holland",271,"Bergen","Gemeente","Municipality",NA,NA
272,158,"NLD","Netherlands",9,"Noord-Holland",272,"Beverwijk","Gemeente","Municipality",NA,NA
273,158,"NLD","Netherlands",9,"Noord-Holland",273,"Blaricum","Gemeente","Municipality",NA,NA
274,158,"NLD","Netherlands",9,"Noord-Holland",274,"Bloemendaal","Gemeente","Municipality",NA,NA
275,158,"NLD","Netherlands",9,"Noord-Holland",275,"Bussum","Gemeente","Municipality",NA,NA
276,158,"NLD","Netherlands",9,"Noord-Holland",276,"Castricum","Gemeente","Municipality",NA,NA
277,158,"NLD","Netherlands",9,"Noord-Holland",277,"Den Helder","Gemeente","Municipality",NA,NA
278,158,"NLD","Netherlands",9,"Noord-Holland",278,"Diemen","Gemeente","Municipality",NA,NA
279,158,"NLD","Netherlands",9,"Noord-Holland",279,"Drechterland","Gemeente","Municipality",NA,NA
280,158,"NLD","Netherlands",9,"Noord-Holland",280,"Edam-Volendam","Gemeente","Municipality",NA,NA
281,158,"NLD","Netherlands",9,"Noord-Holland",281,"Enkhuizen","Gemeente","Municipality",NA,NA
282,158,"NLD","Netherlands",9,"Noord-Holland",282,"Graft-De Rijp","Gemeente","Municipality",NA,NA
283,158,"NLD","Netherlands",9,"Noord-Holland",283,"Haarlem","Gemeente","Municipality",NA,NA
284,158,"NLD","Netherlands",9,"Noord-Holland",284,"Haarlemmerliede c.a.","Gemeente","Municipality",NA,"Haarlemmerliede en Spaarnwoude"
285,158,"NLD","Netherlands",9,"Noord-Holland",285,"Haarlemmermeer","Gemeente","Municipality",NA,NA
286,158,"NLD","Netherlands",9,"Noord-Holland",286,"Harenkarspel","Gemeente","Municipality",NA,NA
287,158,"NLD","Netherlands",9,"Noord-Holland",287,"Heemskerk","Gemeente","Municipality",NA,NA
288,158,"NLD","Netherlands",9,"Noord-Holland",288,"Heemstede","Gemeente","Municipality",NA,NA
289,158,"NLD","Netherlands",9,"Noord-Holland",289,"Heerhugowaard","Gemeente","Municipality",NA,NA
290,158,"NLD","Netherlands",9,"Noord-Holland",290,"Heiloo","Gemeente","Municipality",NA,NA
291,158,"NLD","Netherlands",9,"Noord-Holland",291,"Hilversum","Gemeente","Municipality",NA,NA
292,158,"NLD","Netherlands",9,"Noord-Holland",292,"Hoorn","Gemeente","Municipality",NA,NA
293,158,"NLD","Netherlands",9,"Noord-Holland",293,"Huizen","Gemeente","Municipality",NA,NA
294,158,"NLD","Netherlands",9,"Noord-Holland",294,"Landsmeer","Gemeente","Municipality",NA,NA
295,158,"NLD","Netherlands",9,"Noord-Holland",295,"Langedijk","Gemeente","Municipality",NA,NA
296,158,"NLD","Netherlands",9,"Noord-Holland",296,"Laren","Gemeente","Municipality",NA,NA
297,158,"NLD","Netherlands",9,"Noord-Holland",297,"Medemblik","Gemeente","Municipality",NA,NA
298,158,"NLD","Netherlands",9,"Noord-Holland",298,"Muiden","Gemeente","Municipality",NA,NA
299,158,"NLD","Netherlands",9,"Noord-Holland",299,"Naarden","Gemeente","Municipality",NA,NA
300,158,"NLD","Netherlands",9,"Noord-Holland",300,"Niedorp","Gemeente","Municipality",NA,NA
301,158,"NLD","Netherlands",9,"Noord-Holland",301,"Noorder-Koggenland","Gemeente","Municipality",NA,NA
302,158,"NLD","Netherlands",9,"Noord-Holland",302,"Obdam","Gemeente","Municipality",NA,NA
303,158,"NLD","Netherlands",9,"Noord-Holland",303,"Oostzaan","Gemeente","Municipality",NA,NA
304,158,"NLD","Netherlands",9,"Noord-Holland",304,"Opmeer","Gemeente","Municipality",NA,NA
305,158,"NLD","Netherlands",9,"Noord-Holland",305,"Ouder-Amstel","Gemeente","Municipality",NA,NA
306,158,"NLD","Netherlands",9,"Noord-Holland",306,"Purmerend","Gemeente","Municipality",NA,NA
307,158,"NLD","Netherlands",9,"Noord-Holland",307,"Schagen","Gemeente","Municipality",NA,NA
308,158,"NLD","Netherlands",9,"Noord-Holland",308,"Schermer","Gemeente","Municipality",NA,NA
309,158,"NLD","Netherlands",9,"Noord-Holland",309,"Stede Broec","Gemeente","Municipality",NA,NA
310,158,"NLD","Netherlands",9,"Noord-Holland",310,"Texel","Gemeente","Municipality",NA,NA
311,158,"NLD","Netherlands",9,"Noord-Holland",311,"Uitgeest","Gemeente","Municipality",NA,NA
312,158,"NLD","Netherlands",9,"Noord-Holland",312,"Uithoorn","Gemeente","Municipality",NA,NA
313,158,"NLD","Netherlands",9,"Noord-Holland",313,"Velsen","Gemeente","Municipality",NA,NA
314,158,"NLD","Netherlands",9,"Noord-Holland",314,"Venhuizen","Gemeente","Municipality",NA,NA
315,158,"NLD","Netherlands",9,"Noord-Holland",315,"Waterland","Gemeente","Municipality",NA,NA
316,158,"NLD","Netherlands",9,"Noord-Holland",316,"Weesp","Gemeente","Municipality",NA,NA
317,158,"NLD","Netherlands",9,"Noord-Holland",317,"Wervershoof","Gemeente","Municipality",NA,NA
318,158,"NLD","Netherlands",9,"Noord-Holland",318,"Wester-Koggenland","Gemeente","Municipality",NA,NA
319,158,"NLD","Netherlands",9,"Noord-Holland",319,"Wieringen","Gemeente","Municipality",NA,NA
320,158,"NLD","Netherlands",9,"Noord-Holland",320,"Wieringermeer","Gemeente","Municipality",NA,NA
321,158,"NLD","Netherlands",9,"Noord-Holland",321,"Wijdemeren","Gemeente","Municipality",NA,NA
322,158,"NLD","Netherlands",9,"Noord-Holland",322,"Wognum","Gemeente","Municipality",NA,NA
323,158,"NLD","Netherlands",9,"Noord-Holland",323,"Wormerland","Gemeente","Municipality",NA,NA
324,158,"NLD","Netherlands",9,"Noord-Holland",324,"Zaanstad","Gemeente","Municipality",NA,NA
325,158,"NLD","Netherlands",9,"Noord-Holland",325,"Zandvoort","Gemeente","Municipality",NA,NA
326,158,"NLD","Netherlands",9,"Noord-Holland",326,"Zeevang","Gemeente","Municipality",NA,NA
327,158,"NLD","Netherlands",9,"Noord-Holland",327,"Zijpe","Gemeente","Municipality",NA,NA
328,158,"NLD","Netherlands",10,"Overijssel",328,"Almelo","Gemeente","Municipality",NA,NA
329,158,"NLD","Netherlands",10,"Overijssel",329,"Bathmen","Gemeente","Municipality",NA,NA
330,158,"NLD","Netherlands",10,"Overijssel",330,"Borne","Gemeente","Municipality",NA,NA
331,158,"NLD","Netherlands",10,"Overijssel",331,"Dalfsen","Gemeente","Municipality",NA,NA
332,158,"NLD","Netherlands",10,"Overijssel",332,"Deventer","Gemeente","Municipality",NA,NA
333,158,"NLD","Netherlands",10,"Overijssel",333,"Dinkelland","Gemeente","Municipality",NA,"Denekamp"
334,158,"NLD","Netherlands",10,"Overijssel",334,"Enschede","Gemeente","Municipality",NA,NA
335,158,"NLD","Netherlands",10,"Overijssel",335,"Haaksbergen","Gemeente","Municipality",NA,NA
336,158,"NLD","Netherlands",10,"Overijssel",336,"Hardenberg","Gemeente","Municipality",NA,NA
337,158,"NLD","Netherlands",10,"Overijssel",337,"Hellendoorn","Gemeente","Municipality",NA,NA
338,158,"NLD","Netherlands",10,"Overijssel",338,"Hengelo","Gemeente","Municipality",NA,NA
339,158,"NLD","Netherlands",10,"Overijssel",339,"Hof van Twente","Gemeente","Municipality",NA,NA
340,158,"NLD","Netherlands",10,"Overijssel",340,"Kampen","Gemeente","Municipality",NA,NA
341,158,"NLD","Netherlands",10,"Overijssel",341,"Losser","Gemeente","Municipality",NA,NA
342,158,"NLD","Netherlands",10,"Overijssel",342,"Oldenzaal","Gemeente","Municipality",NA,NA
343,158,"NLD","Netherlands",10,"Overijssel",343,"Olst-Wijhe","Gemeente","Municipality",NA,"Olst"
344,158,"NLD","Netherlands",10,"Overijssel",344,"Ommen","Gemeente","Municipality",NA,NA
345,158,"NLD","Netherlands",10,"Overijssel",345,"Raalte","Gemeente","Municipality",NA,NA
346,158,"NLD","Netherlands",10,"Overijssel",346,"Rijssen","Gemeente","Municipality",NA,NA
347,158,"NLD","Netherlands",10,"Overijssel",347,"Staphorst","Gemeente","Municipality",NA,NA
348,158,"NLD","Netherlands",10,"Overijssel",348,"Steenwijkerland","Gemeente","Municipality",NA,"Steenwijk"
349,158,"NLD","Netherlands",10,"Overijssel",349,"Tubbergen","Gemeente","Municipality",NA,NA
350,158,"NLD","Netherlands",10,"Overijssel",350,"Twenterand","Gemeente","Municipality",NA,"Vriezeveen"
351,158,"NLD","Netherlands",10,"Overijssel",351,"Wierden","Gemeente","Municipality",NA,NA
352,158,"NLD","Netherlands",10,"Overijssel",352,"Zwartewaterland","Gemeente","Municipality",NA,NA
353,158,"NLD","Netherlands",10,"Overijssel",353,"Zwolle","Gemeente","Municipality",NA,NA
354,158,"NLD","Netherlands",11,"Utrecht",354,"Abcoude","Gemeente","Municipality",NA,NA
355,158,"NLD","Netherlands",11,"Utrecht",355,"Amerongen","Gemeente","Municipality",NA,NA
356,158,"NLD","Netherlands",11,"Utrecht",356,"Amersfoort","Gemeente","Municipality",NA,NA
357,158,"NLD","Netherlands",11,"Utrecht",357,"Baarn","Gemeente","Municipality",NA,NA
358,158,"NLD","Netherlands",11,"Utrecht",358,"Breukelen","Gemeente","Municipality",NA,NA
359,158,"NLD","Netherlands",11,"Utrecht",359,"Bunnik","Gemeente","Municipality",NA,NA
360,158,"NLD","Netherlands",11,"Utrecht",360,"Bunschoten","Gemeente","Municipality",NA,NA
361,158,"NLD","Netherlands",11,"Utrecht",361,"De Bilt","Gemeente","Municipality",NA,NA
362,158,"NLD","Netherlands",11,"Utrecht",362,"De Ronde Venen","Gemeente","Municipality",NA,NA
363,158,"NLD","Netherlands",11,"Utrecht",363,"Doorn","Gemeente","Municipality",NA,NA
364,158,"NLD","Netherlands",11,"Utrecht",364,"Driebergen-Rijsenburg","Gemeente","Municipality",NA,NA
365,158,"NLD","Netherlands",11,"Utrecht",365,"Eemnes","Gemeente","Municipality",NA,NA
366,158,"NLD","Netherlands",11,"Utrecht",366,"Houten","Gemeente","Municipality",NA,NA
367,158,"NLD","Netherlands",11,"Utrecht",367,"IJsselstein","Gemeente","Municipality",NA,NA
368,158,"NLD","Netherlands",11,"Utrecht",368,"Leersum","Gemeente","Municipality",NA,NA
369,158,"NLD","Netherlands",11,"Utrecht",369,"Leusden","Gemeente","Municipality",NA,NA
370,158,"NLD","Netherlands",11,"Utrecht",370,"Loenen","Gemeente","Municipality",NA,NA
371,158,"NLD","Netherlands",11,"Utrecht",371,"Lopik","Gemeente","Municipality",NA,NA
372,158,"NLD","Netherlands",11,"Utrecht",372,"Maarn","Gemeente","Municipality",NA,NA
373,158,"NLD","Netherlands",11,"Utrecht",373,"Maarssen","Gemeente","Municipality",NA,NA
374,158,"NLD","Netherlands",11,"Utrecht",374,"Montfoort","Gemeente","Municipality",NA,NA
375,158,"NLD","Netherlands",11,"Utrecht",375,"Nieuwegein","Gemeente","Municipality",NA,NA
376,158,"NLD","Netherlands",11,"Utrecht",376,"Oudewater","Gemeente","Municipality",NA,NA
377,158,"NLD","Netherlands",11,"Utrecht",377,"Renswoude","Gemeente","Municipality",NA,NA
378,158,"NLD","Netherlands",11,"Utrecht",378,"Rhenen","Gemeente","Municipality",NA,NA
379,158,"NLD","Netherlands",11,"Utrecht",379,"Soest","Gemeente","Municipality",NA,NA
380,158,"NLD","Netherlands",11,"Utrecht",380,"Utrecht","Gemeente","Municipality",NA,NA
381,158,"NLD","Netherlands",11,"Utrecht",381,"Veenendaal","Gemeente","Municipality",NA,NA
382,158,"NLD","Netherlands",11,"Utrecht",382,"Vianen","Gemeente","Municipality",NA,NA
383,158,"NLD","Netherlands",11,"Utrecht",383,"Wijk bij Duurstede","Gemeente","Municipality",NA,NA
384,158,"NLD","Netherlands",11,"Utrecht",384,"Woerden","Gemeente","Municipality",NA,NA
385,158,"NLD","Netherlands",11,"Utrecht",385,"Woudenberg","Gemeente","Municipality",NA,NA
386,158,"NLD","Netherlands",11,"Utrecht",386,"Zeist","Gemeente","Municipality",NA,NA
387,158,"NLD","Netherlands",12,"Zeeland",387,"Borsele","Gemeente","Municipality",NA,NA
388,158,"NLD","Netherlands",12,"Zeeland",388,"Goes","Gemeente","Municipality",NA,NA
389,158,"NLD","Netherlands",12,"Zeeland",389,"Hulst","Gemeente","Municipality",NA,NA
390,158,"NLD","Netherlands",12,"Zeeland",390,"Kapelle","Gemeente","Municipality",NA,NA
391,158,"NLD","Netherlands",12,"Zeeland",391,"Middelburg","Gemeente","Municipality",NA,NA
392,158,"NLD","Netherlands",12,"Zeeland",392,"Noord-Beveland","Gemeente","Municipality",NA,NA
393,158,"NLD","Netherlands",12,"Zeeland",393,"Reimerswaal","Gemeente","Municipality",NA,NA
394,158,"NLD","Netherlands",12,"Zeeland",394,"Schouwen-Duiveland","Gemeente","Municipality",NA,NA
395,158,"NLD","Netherlands",12,"Zeeland",395,"Sluis","Gemeente","Municipality",NA,NA
396,158,"NLD","Netherlands",12,"Zeeland",396,"Terneuzen","Gemeente","Municipality",NA,NA
397,158,"NLD","Netherlands",12,"Zeeland",397,"Tholen","Gemeente","Municipality",NA,NA
398,158,"NLD","Netherlands",12,"Zeeland",398,"Veere","Gemeente","Municipality",NA,NA
399,158,"NLD","Netherlands",12,"Zeeland",399,"Vlissingen","Gemeente","Municipality",NA,NA
400,158,"NLD","Netherlands",13,"Zeeuwse meren",400,NA,"Gemeente","Water body",NA,NA
401,158,"NLD","Netherlands",14,"Zuid-Holland",401,"'s-Gravendeel","Gemeente","Municipality",NA,NA
402,158,"NLD","Netherlands",14,"Zuid-Holland",402,"'s-Gravenhage","Gemeente","Municipality",NA,NA
403,158,"NLD","Netherlands",14,"Zuid-Holland",403,"'s-Gravenzande","Gemeente","Municipality",NA,NA
404,158,"NLD","Netherlands",14,"Zuid-Holland",404,"Alblasserdam","Gemeente","Municipality",NA,NA
405,158,"NLD","Netherlands",14,"Zuid-Holland",405,"Albrandswaard","Gemeente","Municipality",NA,NA
406,158,"NLD","Netherlands",14,"Zuid-Holland",406,"Alkemade","Gemeente","Municipality",NA,NA
407,158,"NLD","Netherlands",14,"Zuid-Holland",407,"Alphen aan den Rijn","Gemeente","Municipality",NA,NA
408,158,"NLD","Netherlands",14,"Zuid-Holland",408,"Barendrecht","Gemeente","Municipality",NA,NA
409,158,"NLD","Netherlands",14,"Zuid-Holland",409,"Bergambacht","Gemeente","Municipality",NA,NA
410,158,"NLD","Netherlands",14,"Zuid-Holland",410,"Bergschenhoek","Gemeente","Municipality",NA,NA
411,158,"NLD","Netherlands",14,"Zuid-Holland",411,"Berkel en Rodenrijs","Gemeente","Municipality",NA,NA
412,158,"NLD","Netherlands",14,"Zuid-Holland",412,"Bernisse","Gemeente","Municipality",NA,NA
413,158,"NLD","Netherlands",14,"Zuid-Holland",413,"Binnenmaas","Gemeente","Municipality",NA,NA
414,158,"NLD","Netherlands",14,"Zuid-Holland",414,"Bleiswijk","Gemeente","Municipality",NA,NA
415,158,"NLD","Netherlands",14,"Zuid-Holland",415,"Bodegraven","Gemeente","Municipality",NA,NA
416,158,"NLD","Netherlands",14,"Zuid-Holland",416,"Boskoop","Gemeente","Municipality",NA,NA
417,158,"NLD","Netherlands",14,"Zuid-Holland",417,"Brielle","Gemeente","Municipality",NA,NA
418,158,"NLD","Netherlands",14,"Zuid-Holland",418,"Capelle aan den IJssel","Gemeente","Municipality",NA,NA
419,158,"NLD","Netherlands",14,"Zuid-Holland",419,"Cromstrijen","Gemeente","Municipality",NA,NA
420,158,"NLD","Netherlands",14,"Zuid-Holland",420,"De Lier","Gemeente","Municipality",NA,NA
421,158,"NLD","Netherlands",14,"Zuid-Holland",421,"Delft","Gemeente","Municipality",NA,NA
422,158,"NLD","Netherlands",14,"Zuid-Holland",422,"Dirksland","Gemeente","Municipality",NA,NA
423,158,"NLD","Netherlands",14,"Zuid-Holland",423,"Dordrecht","Gemeente","Municipality",NA,NA
424,158,"NLD","Netherlands",14,"Zuid-Holland",424,"Giessenlanden","Gemeente","Municipality",NA,NA
425,158,"NLD","Netherlands",14,"Zuid-Holland",425,"Goedereede","Gemeente","Municipality",NA,NA
426,158,"NLD","Netherlands",14,"Zuid-Holland",426,"Gorinchem","Gemeente","Municipality",NA,NA
427,158,"NLD","Netherlands",14,"Zuid-Holland",427,"Gouda","Gemeente","Municipality",NA,NA
428,158,"NLD","Netherlands",14,"Zuid-Holland",428,"Graafstroom","Gemeente","Municipality",NA,NA
429,158,"NLD","Netherlands",14,"Zuid-Holland",429,"Hardinxveld-Giessendam","Gemeente","Municipality",NA,NA
430,158,"NLD","Netherlands",14,"Zuid-Holland",430,"Hellevoetsluis","Gemeente","Municipality",NA,NA
431,158,"NLD","Netherlands",14,"Zuid-Holland",431,"Hendrik-Ido-Ambacht","Gemeente","Municipality",NA,NA
432,158,"NLD","Netherlands",14,"Zuid-Holland",432,"Hillegom","Gemeente","Municipality",NA,NA
433,158,"NLD","Netherlands",14,"Zuid-Holland",433,"Jacobswoude","Gemeente","Municipality",NA,NA
434,158,"NLD","Netherlands",14,"Zuid-Holland",434,"Katwijk","Gemeente","Municipality",NA,NA
435,158,"NLD","Netherlands",14,"Zuid-Holland",435,"Korendijk","Gemeente","Municipality",NA,NA
436,158,"NLD","Netherlands",14,"Zuid-Holland",436,"Krimpen aan den IJssel","Gemeente","Municipality",NA,NA
437,158,"NLD","Netherlands",14,"Zuid-Holland",437,"Leerdam","Gemeente","Municipality",NA,NA
438,158,"NLD","Netherlands",14,"Zuid-Holland",438,"Leiden","Gemeente","Municipality",NA,NA
439,158,"NLD","Netherlands",14,"Zuid-Holland",439,"Leiderdorp","Gemeente","Municipality",NA,NA
440,158,"NLD","Netherlands",14,"Zuid-Holland",440,"Leidschendam-Voorburg","Gemeente","Municipality",NA,NA
441,158,"NLD","Netherlands",14,"Zuid-Holland",441,"Liemeer","Gemeente","Municipality",NA,NA
442,158,"NLD","Netherlands",14,"Zuid-Holland",442,"Liesveld","Gemeente","Municipality",NA,NA
443,158,"NLD","Netherlands",14,"Zuid-Holland",443,"Lisse","Gemeente","Municipality",NA,NA
444,158,"NLD","Netherlands",14,"Zuid-Holland",444,"Maasland","Gemeente","Municipality",NA,NA
445,158,"NLD","Netherlands",14,"Zuid-Holland",445,"Maassluis","Gemeente","Municipality",NA,NA
446,158,"NLD","Netherlands",14,"Zuid-Holland",446,"Middelharnis","Gemeente","Municipality",NA,NA
447,158,"NLD","Netherlands",14,"Zuid-Holland",447,"Monster","Gemeente","Municipality",NA,NA
448,158,"NLD","Netherlands",14,"Zuid-Holland",448,"Moordrecht","Gemeente","Municipality",NA,NA
449,158,"NLD","Netherlands",14,"Zuid-Holland",449,"Naaldwijk","Gemeente","Municipality",NA,NA
450,158,"NLD","Netherlands",14,"Zuid-Holland",450,"Nederlek","Gemeente","Municipality",NA,NA
451,158,"NLD","Netherlands",14,"Zuid-Holland",451,"Nieuw-Lekkerland","Gemeente","Municipality",NA,NA
452,158,"NLD","Netherlands",14,"Zuid-Holland",452,"Nieuwerkerk aan den IJssel","Gemeente","Municipality",NA,NA
453,158,"NLD","Netherlands",14,"Zuid-Holland",453,"Nieuwkoop","Gemeente","Municipality",NA,NA
454,158,"NLD","Netherlands",14,"Zuid-Holland",454,"Noordwijkerhout","Gemeente","Municipality",NA,NA
455,158,"NLD","Netherlands",14,"Zuid-Holland",455,"Noordwijk","Gemeente","Municipality",NA,NA
456,158,"NLD","Netherlands",14,"Zuid-Holland",456,"Oegstgeest","Gemeente","Municipality",NA,NA
457,158,"NLD","Netherlands",14,"Zuid-Holland",457,"Oostflakkee","Gemeente","Municipality",NA,NA
458,158,"NLD","Netherlands",14,"Zuid-Holland",458,"Oud-Beijerland","Gemeente","Municipality",NA,NA
459,158,"NLD","Netherlands",14,"Zuid-Holland",459,"Ouderkerk","Gemeente","Municipality",NA,NA
460,158,"NLD","Netherlands",14,"Zuid-Holland",460,"Papendrecht","Gemeente","Municipality",NA,NA
461,158,"NLD","Netherlands",14,"Zuid-Holland",461,"Pijnacker-Nootdorp","Gemeente","Municipality",NA,NA
462,158,"NLD","Netherlands",14,"Zuid-Holland",462,"Reeuwijk","Gemeente","Municipality",NA,NA
463,158,"NLD","Netherlands",14,"Zuid-Holland",463,"Ridderkerk","Gemeente","Municipality",NA,NA
464,158,"NLD","Netherlands",14,"Zuid-Holland",464,"Rijnsburg","Gemeente","Municipality",NA,NA
465,158,"NLD","Netherlands",14,"Zuid-Holland",465,"Rijnwoude","Gemeente","Municipality",NA,NA
466,158,"NLD","Netherlands",14,"Zuid-Holland",466,"Rijswijk","Gemeente","Municipality",NA,NA
467,158,"NLD","Netherlands",14,"Zuid-Holland",467,"Rotterdam","Gemeente","Municipality",NA,NA
468,158,"NLD","Netherlands",14,"Zuid-Holland",468,"Rozenburg","Gemeente","Municipality",NA,NA
469,158,"NLD","Netherlands",14,"Zuid-Holland",469,"Sassenheim","Gemeente","Municipality",NA,NA
470,158,"NLD","Netherlands",14,"Zuid-Holland",470,"Schiedam","Gemeente","Municipality",NA,NA
471,158,"NLD","Netherlands",14,"Zuid-Holland",471,"Schipluiden","Gemeente","Municipality",NA,NA
472,158,"NLD","Netherlands",14,"Zuid-Holland",472,"Schoonhoven","Gemeente","Municipality",NA,NA
473,158,"NLD","Netherlands",14,"Zuid-Holland",473,"Sliedrecht","Gemeente","Municipality",NA,NA
474,158,"NLD","Netherlands",14,"Zuid-Holland",474,"Spijkenisse","Gemeente","Municipality",NA,NA
475,158,"NLD","Netherlands",14,"Zuid-Holland",475,"Strijen","Gemeente","Municipality",NA,NA
476,158,"NLD","Netherlands",14,"Zuid-Holland",476,"Ter Aar","Gemeente","Municipality",NA,NA
477,158,"NLD","Netherlands",14,"Zuid-Holland",477,"Valkenburg","Gemeente","Municipality",NA,NA
478,158,"NLD","Netherlands",14,"Zuid-Holland",478,"Vlaardingen","Gemeente","Municipality",NA,NA
479,158,"NLD","Netherlands",14,"Zuid-Holland",479,"Vlist","Gemeente","Municipality",NA,NA
480,158,"NLD","Netherlands",14,"Zuid-Holland",480,"Voorhout","Gemeente","Municipality",NA,NA
481,158,"NLD","Netherlands",14,"Zuid-Holland",481,"Voorschoten","Gemeente","Municipality",NA,NA
482,158,"NLD","Netherlands",14,"Zuid-Holland",482,"Waddinxveen","Gemeente","Municipality",NA,NA
483,158,"NLD","Netherlands",14,"Zuid-Holland",483,"Warmond","Gemeente","Municipality",NA,NA
484,158,"NLD","Netherlands",14,"Zuid-Holland",484,"Wassenaar","Gemeente","Municipality",NA,NA
485,158,"NLD","Netherlands",14,"Zuid-Holland",485,"Wateringen","Gemeente","Municipality",NA,NA
486,158,"NLD","Netherlands",14,"Zuid-Holland",486,"Westvoorne","Gemeente","Municipality",NA,NA
487,158,"NLD","Netherlands",14,"Zuid-Holland",487,"Zederik","Gemeente","Municipality",NA,NA
488,158,"NLD","Netherlands",14,"Zuid-Holland",488,"Zevenhuizen-Moerkapelle","Gemeente","Municipality",NA,NA
489,158,"NLD","Netherlands",14,"Zuid-Holland",489,"Zoetermeer","Gemeente","Municipality",NA,NA
490,158,"NLD","Netherlands",14,"Zuid-Holland",490,"Zoeterwoude","Gemeente","Municipality",NA,NA
491,158,"NLD","Netherlands",14,"Zuid-Holland",491,"Zwijndrecht","Gemeente","Municipality",NA,NA
